predictor,temporal,hidden_dim,dropout,final_auc,final_ap,positive_mean,negative_mean,positive_max,negative_max
mlp,mean,64,0.3,0.7449798900359954,0.6850155916014303,0.5940316915512085,0.4091721773147583,0.9615014791488647,0.9831584692001343
mlp,attention,64,0.3,0.7374838969977454,0.6911061317549795,0.5869355797767639,0.3996116518974304,0.971342146396637,0.9804016947746277
dot,attention,64,0.3,0.5505592342075076,0.5622369124579686,0.5336369872093201,0.5268371105194092,0.752079963684082,0.6703436374664307
dot,mean,64,0.3,0.5465023535461414,0.554607462587497,0.5338928699493408,0.5276159644126892,0.7637490630149841,0.6823326945304871
