metapath_attention,dynamic_attention,predictor,hidden_dim,dropout,epochs,best_auc,best_ap,best_epoch,final_auc,final_ap
False,True,mlp,64,0.3,100,0.7758964969296048,0.7415465895688129,96,0.7696350528501406,0.7376787685861803
False,False,mlp,64,0.3,100,0.7666628316586586,0.7325714325266648,99,0.7587166427109554,0.7254882197080352
True,False,mlp,64,0.3,100,0.7431867254273662,0.7137922865252552,100,0.7371899198057942,0.708912212310297
True,True,mlp,64,0.3,100,0.7400914698492783,0.713079265224034,100,0.7348636291439928,0.7070743803628261
True,False,dot,64,0.3,100,0.5648167890367984,0.5578195864409374,100,0.5610280579918655,0.5567657845485643
True,True,dot,64,0.3,100,0.5626220404585491,0.5549261797885877,100,0.5588277466886898,0.5538591433520985
False,False,dot,64,0.3,100,0.5620103615895545,0.5617349731236359,55,0.5508828420760064,0.5489080431697742
False,True,dot,64,0.3,100,0.5624378242782315,0.5638791227310338,55,0.5492487589069861,0.5518841123282741
