predictor,temporal,dropout,AUC,AP,dim
mlp,mean,0.2,0.6862372110428014,0.7429270457661312,96
mlp,mean,0.0,0.6861376305917551,0.7429301239923348,96
mlp,attention,0.2,0.6707164718375975,0.731837073539228,96
mlp,attention,0.0,0.6702254751613829,0.7315435796703866,96
dot,attention,0.0,0.6363902897150608,0.702343411789025,96
dot,mean,0.0,0.6316998503090647,0.6983281237286405,96
